TeamNumber,TeamName,TeamShortName,ImageFileName,TeamColor
1,BAYERN,BAY,bayern.png,000000FF
2,ARSENAL,ARS,arsenal.png,000000FF
3,UNITED,MUN,united.png,000000FF
4,REAL MADRID,RMD,real.png,000000FF
5,ATLETICO MINEIRO,CAM,atletico-mineiro.png,000000FF
6,BOTAFOGO,BOT,botafogo.png,000000FF
7,BAHIA,BAH,bahia.png,000000FF
8,CORINTHIANS,COR,corinthians.png,000000FF
9,CRUZEIRO,CRU,cruzeiro.png,000000FF
10,PALMEIRAS,PAL,palmeiras.png,000000FF
11,VASCO,VAS,vasco.png,000000FF
12,SAO PAULO,SPO,sao-paulo.png,000000FF
13,BARCELONA,BAR,barca.png,000000FF
14,FLAMENGO,FLA,flamengo.png,000000FF
15,GREMIO,GRE,gremio.png,000000FF
16,FLUMINENSE,FLU,fluminense.png,000000FF
17,FORTALEZA,FOR,fortaleza.png,000000FF
18,SANTA CRUZ,STA,santa.png,000000FF
19,NAUTICO,NAU,nautico.png,000000FF
20,RED BULL,RB,red-bull.png,000000FF
21,VITORIA,VIT,vitoria.png,000000FF
22,ATLMADRID,ATL,atl.png,000000FF
23,ATLETICO GOIANIENSE,ACG,atletico-goianiense.png,000000FF
24,CUIABA,CUI,cuiaba.png,000000FF
25,AMERICA,AME,america.png,000000FF
26,INTERNACIONAL,INT,internacional.png,000000FF
27,AVAI,AVA,avai.png,000000FF
28,BORUSSIA,BVB,bvb.png,000000FF
29,BOCA JUNIORS,BOJ,cabj.png,000000FF
30,CEARA,CEA,ceara.png,000000FF
31,CHAPECOENSE,CHA,chape.png,000000FF
32,CHELSEA,CHE,chelsea.png,000000FF
33,CITY,MCI,city.png,000000FF
34,GOIAS,GOI,goias.png,000000FF
35,INTERNAZIONALE,INM,inter.png,000000FF
36,LIVERPOOL,LIV,liverpool.png,000000FF
37,LYON,LYO,lyon.png,000000FF
38,MILAN,MIL,milan.png,000000FF
39,NAPOLI,NAP,napoli.png,000000FF
40,SPORT,SPT,sport.png,000000FF
41,JUVENTUDE,JUV,juventude.png,000000FF
42,ATHLETICO,ATH,athletico.png,000000FF
43,PONTE PRETA,PON,ponte.png,000000FF
44,PSG,PSG,psg.png,000000FF
45,RIVER PLATE,RIV,river.png,000000FF
46,ROMA,ROM,roma.png,000000FF
47,SANTOS,SAN,santos.png,000000FF
48,SCHALKE,SCH,shalke.png,000000FF
49,VILA,VIL,vila.png,000000FF
50,WOLFS,WOL,wolfs.png,000000FF